protein_position	n	sample
200	1	ERR696683_chr7
269	1	ERR696683_chr7
342	1	ERR696683_chr7
643	2	ERR696683_chr7
683	2	ERR696683_chr7
200	1	ERR753368_chr7
269	1	ERR753368_chr7
342	1	ERR753368_chr7
643	2	ERR753368_chr7
683	2	ERR753368_chr7
200	1	ERR753371_chr7
269	1	ERR753371_chr7
342	1	ERR753371_chr7
643	2	ERR753371_chr7
683	2	ERR753371_chr7
200	1	ERR753372_chr7
269	1	ERR753372_chr7
342	1	ERR753372_chr7
643	2	ERR753372_chr7
683	2	ERR753372_chr7
200	1	ERR753373_chr7
269	1	ERR753373_chr7
342	1	ERR753373_chr7
643	2	ERR753373_chr7
683	2	ERR753373_chr7
200	1	ERR753374_chr7
269	1	ERR753374_chr7
342	1	ERR753374_chr7
643	2	ERR753374_chr7
683	2	ERR753374_chr7
200	1	ERR753375_chr7
269	1	ERR753375_chr7
342	1	ERR753375_chr7
643	2	ERR753375_chr7
683	2	ERR753375_chr7
200	1	ERR753378_chr7
269	1	ERR753378_chr7
342	1	ERR753378_chr7
643	2	ERR753378_chr7
683	2	ERR753378_chr7
