location	n	sample
25209618	12	ERR696683_chr12
25209283	12	ERR753368_chr12
25235356	12	ERR753368_chr12
25209843	12	ERR753369_chr12
25235356	12	ERR753369_chr12
25235382	12	ERR753369_chr12
25209531	12	ERR753370_chr12
25209843	12	ERR753370_chr12
25227137	12	ERR753370_chr12
25209618	12	ERR753371_chr12
25209283	12	ERR753372_chr12
25225522	12	ERR753372_chr12
25235356	12	ERR753372_chr12
25230796	13	ERR753373_chr12
25230804	13	ERR753373_chr12
25245084	12	ERR753373_chr12
25209843	12	ERR753375_chr12
25227137	12	ERR753375_chr12
25209618	12	ERR753376_chr12
25209843	12	ERR753377_chr12
25209843	12	ERR753378_chr12
25235356	12	ERR753378_chr12
25235382	12	ERR753378_chr12
